Descrição,Horário de publicação,Link permanente,Tipo de publicação,Data,Impressões,Alcance,Compartilhamentos,Curtidas,Comentários,Salvamentos,Seguimentos,Reproduções
"Conquiste o sucesso e o crescimento contínuo das empresas através do Revenue Growth Management (RGM) na tomada de decisões de preços. Neste artigo do Aprix Journal, exploramos as ferramentas personalizadas para cada nível de maturidade na precificação, da consolidação de custos à otimização avançada com modelos matemáticos. 

Escolha a ferramenta certa para sua empresa e alinhe-a à sua estratégia de crescimento, transformando dados em decisões estratégicas. Qual delas ajudaria você em seu dia a dia?

Leia no Aprix Journal: bit.ly/ferramentas-de-pricing 

🔗 Link na bio.",01/11/2024 10:01,https://www.instagram.com/p/C1-E5cYuhyU/,Carrossel do Instagram,Vitalício,300,236,3,25,1,0,,
"Estamos com vagas abertas! 🚀
● Product Owner Intern
● Customer Success Intern
● Machine Learning Engineer Intern
● Junior Full Stack Developer
● People & Culture Intern

Procuramos pessoas para nos ajudar em nossa missão: desenvolver soluções de data science que auxiliem agentes de diferentes portes e segmentos a solucionar problemas na busca por maior eficiência. Mais especificamente, queremos acelerar o desenvolvimento ético de soluções de inteligência artificial.

Saiba mais sobre as vagas nos cards, ou acesse aprix.com.br/vagas para saber como é trabalhar na Aprix. O link está na bio 😉

Curtiu? Envie o seu currículo para careers@aprix.com.br",01/15/2024 12:01,https://www.instagram.com/p/C2Ik3H4us7G/,Carrossel do Instagram,Vitalício,925,769,45,70,1,13,5,
"Não é novidade que as equipes podem melhorar a sua performance quando trabalham em conjunto com a Inteligência Artificial. Mas e quando usamos a IA para tornar processos inteiros mais eficientes?

Segundo o professor do Instituto de Pesquisas Tecnológicas Adriano Galindo Leal, o potencial é gigantesco. “A produtividade pode ser multiplicada por 10 com um processo que harmoniza a atuação de humanos e dos diversos agentes de IA especialista”, diz o professor.

Um dos processos nas indústrias que pode se tornar mais eficiente com a aplicação da IA é a precificação. Leia a matéria do Aprix Journal em https://bit.ly/3SiOcdI, ou pelo link na bio.",01/16/2024 11:01,https://www.instagram.com/p/C2LEtEFuW9w/,Imagem do Instagram,Vitalício,230,202,0,14,0,0,,
"No mês passado, a equipe de pricing da Ipiranga nos recebeu para aprender com o curso especializado em Pricing e Revenue Management da Aprix, que trata do uso de ciência de dados e inteligência artificial para otimizar as decisões de preço. 

Ao longo de dois dias, o CEO da Aprix, Guilherme Zuanazzi, esteve na sede da Ipiranga para compartilhar conhecimento e auxiliar a empresa otimizar os resultados do pricing, do início ao fim do processo. Foram oito horas de curso, compartilhando casos reais em diversos segmentos, em torno dos seguintes tópicos:

→ Conceitos básicos de precificação
→ Estratégias de precificação
→ Elasticidade, Elasticidade Cruzada, Point-elasticity e Elasticidade Variável
→ Market-based pricing e Teoria dos Jogos
→ Ciência de dados e IA para modelagem de demanda em função de preços: Modelos Lineares e Modelos Não-Lineares

Agradecemos à equipe da Ipiranga pela confiança e pelas trocas enriquecedoras, em especial, ao Bruno Moritz, à Carolina Gomes e ao Axel Turque.

Se você também tem interesse em maximizar seus resultados a partir de estratégias de pricing baseadas em ciência de dados, conheça o treinamento completo da Aprix para empresas. Link na bio.",01/17/2024 11:01,https://www.instagram.com/p/C2NrYVVudD1/,Carrossel do Instagram,Vitalício,287,227,0,14,0,1,,
"O primeiro passo para estabelecer uma jornada de crescimento com Revenue Management é consolidar um processo robusto de precificação. Mas o que é o “básico” no pricing?

Durante o Aprix Connect, Daniel Bannwart Rago comentou sobre isso no painel “O poder do pricing sobre o EBITDA”. Neste texto do Aprix Journal, compartilhamos alguns pontos essenciais na jornada de sucesso do pricing. 

O que você acrescentaria a essa lista?

Leia no Aprix Journal. Acesse https://bit.ly/3U6s6w9 ou o link na bio.",01/18/2024 11:01,https://www.instagram.com/p/C2QO3dcue9w/,Imagem do Instagram,Vitalício,169,150,0,6,0,0,,
"LANÇAMENTO: Aprix Academy 🎓 

Tudo sobre pricing e RGM em um só lugar

Na Aprix, acreditamos que a eficiência deve estar no centro das nossas soluções. Compartilhar conhecimento e ser ponto de encontro para profissionais especialistas em pricing e RGM também é uma forma de atingir este objetivo.

Pensando nisso, criamos uma página que centraliza os melhores materiais educativos sobre pricing para você alcançar resultados excepcionais.

Além de oferecer ebooks, webinars, jornadas de conhecimento personalizadas e outros conteúdos produzidos pela Aprix, selecionamos uma curadoria de materiais de outras empresas cujo trabalho é voltado para desenvolver o Revenue Growth Management nas companhias.

Conheça a Aprix Academy e acelere o desenvolvimento de sua carreira!

Acesse aprix.com.br/academy/ ou link na bio.",01/24/2024 11:01,https://www.instagram.com/p/C2fpPslOyvf/,Carrossel do Instagram,Vitalício,282,233,4,29,2,2,,
"Foi lançada a Aprix Academy, plataforma voltada para profissionais de pricing e RGM para centralizar conhecimento e ser ponto de referência sobre os melhores materiais educativos de diversas empresas especialistas em Revenue Growth Management.

A página conta com quatro Jornadas de Pricing, trilhas de conteúdos específicas para impulsionar profissionais em diferentes estágios da carreira.

Conheça a Aprix Academy e acelere seu desenvolvimento. 

Acesse aprix.com.br/academy, ou o link na bio.",01/25/2024 11:01,https://www.instagram.com/p/C2iP9xrOXe-/,Imagem do Instagram,Vitalício,216,199,0,16,0,0,,
"Em outubro de 2023 realizamos a 1ª edição do Aprix Connect — e foi um sucesso! 

Confirmamos nossa hipótese sobre uma das necessidades do mercado de pricing no Brasil, que já tem ótimos profissionais e um potencial imenso de crescimento, mas precisava de um ponto de encontro para trocar conhecimento e experiências. 

Mais do que isso, ficamos muito felizes em construir em conjunto um espaço para fortalecer a comunidade e conectar os profissionais de pricing do Brasil! 

Pensando em tornar esse evento cada vez melhor, já estamos planejando as novidades para a próxima edição. Acompanhe nossas redes para ficar por dentro de todas as atualizações. 

A data do Aprix Connect 24 será divulgada em breve! O que não pode faltar nesta edição?",01/29/2024 11:01,https://www.instagram.com/reel/C2slpQKuqoA/,Reel do Instagram,Vitalício,282,261,0,26,1,0,,463
"As soluções em nuvem, são uma tendência na área da tecnologia, especialmente devido à eficiência operacional e segurança de dados. Elas vêm assumindo protagonismo em processos que envolvem desde a contratação de fornecedores até a gestão da base de clientes através de CRM.

É por isso que as soluções da Aprix, na sua maioria, operam na nuvem! ☁️

Para entender as particularidades do modelo cloud e do seu predecessor, o on-premises, leia a matéria do Aprix Journal. Acesse: https://bit.ly/47X2kL, ou o link na bio.",01/30/2024 11:01,https://www.instagram.com/p/C2vExsAOmbb/,Imagem do Instagram,Vitalício,232,212,0,9,0,0,,
"A Aprix está no @braziljournal 📰
O jornal digital mais lido por CEOs, CFOs, empreendedores e investidores do Brasil.

Desde passagens aéreas até as corridas da Uber, o mercado dá cada vez mais indícios de que a granularização das decisões de preço é uma tendência para a maximização de receita. Segundo um estudo da McKinsey, estratégias de precificação podem aumentar os lucros em até 50%.

No Brazil Journal, contamos como a Aprix vem aplicando essas premissas à realidade brasileira há mais de cinco anos. 

Leia em: https://bit.ly/Aprix-BrazilJournal ou no link na bio!",01/31/2024 08:01,https://www.instagram.com/p/C2xZuYiO83p/,Carrossel do Instagram,Vitalício,260,216,0,20,4,0,,
"Palavra do fundador | Guilherme Baggio Zuanazzi, CEO & Founder da Aprix, compartilha reflexões sobre o ano que passou e projeções para o futuro. Zuanazzi destaca a evolução nas soluções da empresa para grandes players, bem como a expectativa de crescimento para 2024.

Leia no Aprix Journal. Acesse: https://bit.ly/3HK08Pm, ou o link na bio.",02/01/2024 09:02,https://www.instagram.com/p/C20FGIoOwro/,Imagem do Instagram,Vitalício,380,353,1,24,0,0,,
"Depois de reconhecer a necessidade de implementar um software para elevar o nível de maturidade do pricing na sua empresa, é preciso decidir entre contratar uma solução SaaS, com expertise em precificação, ou de desenvolvê-lo internamente pela equipe. 

Saiba quais fatores devem ser considerados nessa decisão e veja os prós e contras das duas opções nesta matéria do Aprix Journal.

Leia a matéria completa em: https://bit.ly/3SO7iIQ ou link na bio.",02/06/2024 10:02,https://www.instagram.com/p/C3BErCxuND8/,Imagem do Instagram,Vitalício,352,315,0,9,0,1,,
"Kickoff de Projeto com a equipe da @arcor! 🚀 

Tivemos o prazer de iniciar oficialmente nossa parceria com a Arcor, em uma reunião que envolveu as áreas de planejamento, incluindo as equipes de, marketing, comercial e TI da empresa. O objetivo do projeto é apontar oportunidades de maximização de share e rentabilidade através das decisões de pricing.

Agradecemos especialmente ao Juan Santiago Peralta, CFO da empresa, que desempenhou um papel crucial e demonstrou um comprometimento excepcional para garantir o sucesso do projeto. Uma experiência enriquecedora que nos deixa ansiosos para explorar mais a fundo as oportunidades que surgiram. 

Agradecemos também Federico Meschini, João Crédito, Thiago Vieira, André Lemos e Maria Flávia Merola, além das demais equipes que estão fazendo esse projeto acontecer.",02/07/2024 11:02,https://www.instagram.com/p/C3DvPtNOWXf/,Imagem do Instagram,Vitalício,960,869,21,120,4,0,1,
"Os preços do cacau continuam em ascensão, atingindo o dobro do valor registrado no último ano, o que gera preocupações para as empresas do setor de chocolates. O prognóstico não é dos melhores: desde janeiro do ano passado que os preços de referência do cacau em Nova Iorque já dispararam 129% e 35% desde o início deste ano e podem chegar aos dez mil dólares daqui a seis anos.

Diante desse cenário, as empresas encontram desafios para precificar seus produtos perto de uma época de alta nas vendas.

Leia no Aprix Journal. Acesse: https://bit.ly/42HWhfx, ou o link na bio.

Marque alguém aqui que pode se interessar por este conteúdo!",02/15/2024 12:02,https://www.instagram.com/p/C3Ybq7EOLfW/,Imagem do Instagram,Vitalício,290,261,0,18,0,0,,
"Os CFOs que se mantêm ágeis e proativos estarão melhor posicionados para garantir o sucesso financeiro das suas organizações. Este guia busca ser um farol, guiando os CFOs através das complexidades e oportunidades que se apresentam no horizonte financeiro do ano atual. A especialista de inflação na Warren, Andrea Angelo, pontua as principais projeções econômicas para este ano.

Leia em: bit.ly/guiaCFOs, ou acesse o link na bio.",02/20/2024 11:02,https://www.instagram.com/p/C3lPSycu9Vi/,Imagem do Instagram,Vitalício,135,124,0,10,0,0,,
"Você já conhece as Jornadas de Pricing da Aprix?

Sempre há algo novo para aprender e aprimorar em sua carreira profissional. No entanto, nem sempre está claro qual caminho seguir.

As Jornadas de Pricing da Aprix são trilhas de conteúdo que mostram o que você deve saber para evoluir na carreira e melhorar o potencial da precificação em sua empresa.

Inscreva-se agora e trilhe o caminho para o sucesso com as Jornadas de Pricing da Aprix. Acesse: https://bit.ly/JornadasPricing. Link na bio.",02/21/2024 11:02,https://www.instagram.com/p/C3nvP0Du45V/,Carrossel do Instagram,Vitalício,174,147,2,23,0,0,1,
"A estratégia de gestão de receita visa analisar e controlar os preços e a disponibilidade dos seus produtos ou serviços para aumentar a lucratividade. Com a aplicação do Revenue Management, por meio do pricing, é possível melhorar a rentabilidade, posicionar-se competitivamente no mercado, gerenciar recursos com mais eficiência e satisfazer as necessidades dos clientes.

Saiba como aplicá-las e impulsionar o seu negócio a longo prazo nesta matéria do Aprix Journal. Leia em: https://bit.ly/3UJbTLP, ou acesse o link da bio.",02/22/2024 12:02,https://www.instagram.com/p/C3qdOkGOD3j/,Imagem do Instagram,Vitalício,131,122,0,6,0,0,,
"Você sabia que cerca de 64% dos profissionais acreditam que tarefas repetitivas, que poderiam ser automatizadas, reduzem sua produtividade?

O relatório “Getting Smarter by the Day: How AI is Elevating the Performance of Global Companies”, realizado pela Tata Consultancy Services e divulgado em fevereiro de 2020, analisou o impacto que os investimentos em IA geram nas operações.

A maioria dessas empresas diz que obteve melhorias de receita e de custo nas áreas em que a IA foi implementada.
No Aprix Journal, reunimos três formas de melhorar a performance das equipes com soluções de inteligência artificial.

Leia no Aprix Journal. Acesse: https://bit.ly/49txezb, ou o link da bio.

De que formas você usa IA em seu trabalho?",02/27/2024 11:02,https://www.instagram.com/p/C33Pcb4OagF/,Imagem do Instagram,Vitalício,174,158,0,15,0,0,,
"Apesar de ser um tópico de popularidade crescente, a inteligência artificial ainda não é amplamente compreendida no mercado. Na precificação, os algoritmos de machine learning podem protagonizar ganhos significativos em eficiência e qualidade na tomada de decisões. Mas como isso acontece? No post de hoje, o Aprix Journal explica como fatores macroeconômicos influenciam algoritmos de precificação.

Leia no Aprix Journal. Acesse: https://bit.ly/42Ytm72, ou o link na bio",02/29/2024 12:02,https://www.instagram.com/p/C38bOCWOzzT/,Imagem do Instagram,Vitalício,144,134,0,10,0,0,,
"Todo estrategista de pricing precisa enxergar além do preço.

Explore o universo do RGM para além do pricing com a nossa newsletter quinzenal, Além do Preço! ✉️

Descubra conteúdos da curadoria exclusiva da Aprix, com atualidades que moldam o cenário de negócios, tecnologia e inovação, mergulhando nas nuances e tendências dessas temáticas. 

Junte-se a nós nessa jornada informativa e amplie sua visão sobre o mundo do RGM. Acesse: bit.ly/AlémdoPreço, ou o link na bio.",03/05/2024 03:03,https://www.instagram.com/p/C4IajDNuUwj/,Carrossel do Instagram,Vitalício,163,126,0,19,0,0,,
"Descubra como a Quarta Revolução Industrial está impulsionando o desenvolvimento ético de soluções para otimizar os processos humanos. Estamos na era da eficiência, com tecnologias que mudam a forma como executamos as tarefas. 

A inteligência artificial, a bioengenharia, a internet das coisas e as energias sustentáveis estão contribuindo para revolucionar a maneira como vivemos e trabalhamos.

De que maneira você vê isso acontecer em seu trabalho?

Leia no Aprix Journal. Acesse: bit.ly/3KhM8Po, ou o link na bio.",03/05/2024 11:03,https://www.instagram.com/p/C4JPz66uVtp/,Imagem do Instagram,Vitalício,148,136,0,9,0,0,,
"O CPO da Aprix, @fred.lmc, participou do podcast Radar de Inovação, de @gzhdigital.

As empresas brasileiras apresentam inúmeras possibilidades de otimização nos processos de precificação. De eficiência operacional a otimização de decisões com IA, empresas na Europa e nos EUA já oferecem soluções para o mercado internacional. E é isso que a Aprix vem fazendo no Brasil há seis anos.

No programa, Maciel compartilhou um pouco da trajetória da Aprix e dos resultados que a empresa vem conquistando com o produto.

Escute no Spotify ou assista no Youtube. Links na bio.",03/08/2024 05:03,https://www.instagram.com/p/C4QV3ggOivg/,Carrossel do Instagram,Vitalício,227,186,5,28,3,0,,
"O lançamento de produtos é uma tarefa complexa que envolve muitos fatores, um deles é a análise da elasticidade de preço. Mas como calcular a elasticidade de produtos recém-lançados, especialmente quando não há dados históricos de vendas disponíveis?

Nesta matéria do Aprix Journal, entenda como funciona o cálculo de elasticidade pelo sistema de pricing da Aprix.

Leia em: https://bit.ly/3IwXbCe. Link na bio.",03/12/2024 12:03,https://www.instagram.com/p/C4bTi7BOjRV/,Imagem do Instagram,Vitalício,192,178,0,8,0,0,,
"Estamos animados em anunciar nosso projeto com a @melittabrasil! ☕

Na terça e quarta-feira desta semana fomos recebidos na sede da empresa em São Paulo para dar início à nossa parceria. O foco do projeto é em ganho de eficiência operacional no processo de precificação, tendo como consequência o aumento da lucratividade da companhia.

Agradecemos ao time de pricing e às equipes de TI, de controladoria e comercial pela confiança no projeto. Além disso, contamos também com a expertise da consultora Ana Efigênia Souza Barros para potencializar o impacto do nosso trabalho. Estamos ansiosos por tudo o que vamos construir em conjunto! 🚀",03/14/2024 07:03,https://www.instagram.com/p/C4f7Na8uJvo/,Imagem do Instagram,Vitalício,698,635,4,85,5,0,5,
"A Aprix vai participar pela terceira vez do South Summit Brazil.

Desde a primeira edição do evento, em 2022, colhemos os frutos da premiação de Melhor Time da competição de startups, devido à visibilidade do reconhecimento. O evento foi tema de uma matéria da Rede Record, que foi ao ar no último sábado. 

Assista à matéria completa: bit.ly/AprixSouthSummit2024 ou clique no link da bio.",03/18/2024 11:03,https://www.instagram.com/p/C4qmHBhuBdc/,Carrossel do Instagram,Vitalício,321,254,8,52,2,0,,
"Primeiro dia de @southsummitbrazil 2024! 💡

Esta é a terceira participação da Aprix no evento. Na primeira edição, em 2022, vencemos o prêmio de Melhor Time da competição de startups, uma conquista muito importante em nossa trajetória.

Este é um evento que reúne pessoas interessadas nas maiores tendências em tecnologia, criatividade e futuro do trabalho de todo o mundo. É um encontro do ecossistema de startups que coloca em contato quem está empreendendo, inovando ou investido. E a Aprix está aqui, pronta para receber você em nosso stand.

Se estiver por perto, venha nos visitar e conhecer nossas soluções para precificação. Os módulos do sistema Aprix têm o potencial de transformar seu negócio, impulsionando a eficiência dos processos e maximizando os resultados.

Esperamos você!",03/20/2024 07:03,https://www.instagram.com/p/C4vUxMXOOMK/,Imagem do Instagram,Vitalício,522,480,10,70,1,0,,
"Na Aprix, além de agir todos os dias para garantir a equidade e um ambiente propício para o desenvolvimento de todas as pessoas, reconhecemos a importância de relembrar e celebrar as conquistas para não serem apagadas.

Em homenagem ao Dia Internacional das Mulheres, tivemos uma sessão especial do Cine Aprix, com a exibição do filme ""Estrelas Além do Tempo"" (2016). A obra conta a história de três mulheres negras que foram essenciais no trabalho da NASA durante a corrida espacial: Katherine Johnson, Dorothy Vaughn e Mary Jackson. 🚀👨🏿‍🚀

A escolha do filme se deve à sua relação com o Manifesto Aprix: apostamos no método científico e na valorização da diversidade para impulsionar a inovação e alcançar resultados excepcionais. E é isso que as engenheiras aeroespaciais Katherine, Dorothy e Mary demonstram no decorrer da obra. Apesar dos obstáculos impostos a elas, as três tiveram carreiras fundamentais para o desenvolvimento científico. 

Acreditamos que, em um ambiente de trabalho que funcione como propulsor de talentos, em vez de impor obstáculos, as pessoas podem atingir ainda mais seu potencial. Esperamos (e trabalhamos para) ver cada vez mais engenheiras, matemáticas e cientistas conquistando as posições que almejam.

Quer fazer parte do nosso time? Acesse aprix.com.br/vagas para saber como é trabalhar na Aprix. Link na bio.",03/21/2024 05:03,https://www.instagram.com/p/C4xvHJduPJi/,Carrossel do Instagram,Vitalício,227,178,2,36,0,0,,
"Iniciamos mais um projeto com a @dexco.oficial! 

A Dexco contratou no ano passado o treinamento em pricing da Aprix, feito para equipes que querem evoluir e agregar inteligência a seu processo de precificação. A partir de então, compreendeu-se a oportunidade de ganhar eficiência no processo com o software da Aprix. 

O objetivo deste projeto é construir um processo de precificação robusto e otimizado, gerando ganho de tempo para as equipes de pricing, comercial, performance comercial, controladoria, produto, TI e cadastro.

Quer saber como a Aprix pode ajudar a sua empresa a elevar a maturidade do pricing? Acesse o link na bio e conheça nossas soluções.",03/25/2024 11:03,https://www.instagram.com/p/C48q6oyOsNZ/,Imagem do Instagram,Vitalício,133,125,0,16,0,0,,
"A especialista em pricing Ana Efigênia Souza Barros escreve bimensalmente para o Aprix Journal. Neste mês, a consultora fala sobre as relações entre o pricing e outras áreas da companhia e sugere como cultivá-las da melhor forma.

Ana Efigênia é uma profissional especializada em Pricing e Revenue Management com mais de 20 anos de experiência liderando áreas e projetos em grandes empresas nos setores B2C, B2B, serviços e commodities. Atualmente, atua como consultora pela Plano A em projetos de diferentes segmentos de mercado.

Leia no Aprix Journal. Acesse bit.ly/MultidisciplinaridadePricing, ou o link na bio.

➡️ Quer saber mais sobre a relação com alguma área específica? Comente qual delas deve ser aprofundada no Aprix Journal.",03/26/2024 12:03,https://www.instagram.com/p/C4_RG2uujoa/,Imagem do Instagram,Vitalício,128,119,0,12,0,0,,
"Celebrando 6 anos de história! 🎉🚀

A jornada da Aprix continua repleta de desafios, conquistas e inovação. Neste novo capítulo, renovamos nosso compromisso de oferecer uma plataforma de precificação versátil, impulsionada pela inteligência artificial, e soluções focadas em elevar o nível de maturidade em pricing de nossos clientes. 

Continuamos cultivando uma cultura forte, valorizando o aprendizado contínuo e encarando cada desafio como uma oportunidade de crescimento. 

Agradecemos a todos os talentos e clientes que fazem parte dessa jornada.",03/27/2024 09:03,https://www.instagram.com/p/C5BmHZcOd1g/,Carrossel do Instagram,Vitalício,262,207,2,47,4,0,,
"Anunciamos os primeiros parceiros homologados da Aprix! 🤝

É uma honra contar com nomes de peso do mercado para fortalecer as conexões entre a comunidade de profissionais de pricing no Brasil e a Aprix, e, assim, ajudar a entregar cada vez mais eficiência para nossos clientes!

Ana Efigênia Souza Barros é consultora com mais do 20 anos de experiência atuando no gerenciamento de RGM em grandes companhias, como Mondelēz e Vigor.

Jose Altschuller foi Diretor de Supply Chain da Walmart e especialista nas relações indústria e varejo, com uma visão sistêmica da cadeia de suprimentos.

Ambos estiveram conosco por +20 horas de treinamento sobre os desafios de nossos clientes e sobre como podemos contribuir para incrementar resultados através das soluções Aprix! 🚀

Caso você tenha interesse em saber mais sobre o programa de homologação de parceiros Aprix, fique à vontade para entrar em contato.",04/01/2024 13:04,https://www.instagram.com/p/C5O1BaZuXS1/,Carrossel do Instagram,Vitalício,140,114,0,17,0,0,,
"A especialista em pricing Ana Efigênia Souza Barros estreia como colunista mensal do Aprix Journal. Em seu primeiro texto, sugere habilidades nas quais as pessoas da área podem investir para se desenvolver.

Ana Efigênia é uma profissional especializada em Pricing e Revenue Management com mais de 20 anos de experiência liderando áreas e projetos em grandes empresas nos setores B2C, B2B, serviços e commodities. Atualmente, atua como consultora pela Plano A em projetos de diferentes segmentos de mercado.

Em quais habilidades você vai investir neste ano?

Leia no Aprix Journal. Acesse bit.ly/capabilities-pricing, ou o link na bio.",01/04/2024 04:01,https://www.instagram.com/p/C1rbSWmOq8p/,Imagem do Instagram,Vitalício,179,163,0,15,0,0,,
"Já mostramos no Aprix Journal que a aplicação da Inteligência Artificial no processo de pricing otimiza recursos, visto que reduz o erro humano, poupa esforços operacionais e diminui o tempo de execução.

Nesse texto, mostramos quatro etapas que podem ser otimizadas com IA, criando um processo à prova de erros.

Saiba como a Inteligência Artificial pode ajudar equipes de pricing a otimizar o tempo e os resultados de tarefas como cálculo de custos variáveis, alinhamento às políticas comerciais, verificação da margem de contribuição e projeção do markup.

Leia em: https://bit.ly/3HLKUsm, ou acesse o link na bio.",01/10/2024 08:01,https://www.instagram.com/p/C17Tt3WOftE/,Imagem do Instagram,Vitalício,147,135,0,8,0,0,,
"No painel “O poder do pricing sobre o EBITDA da sua companhia”, especialistas em pricing discutirão estratégias, ferramentas e práticas de empresas que têm os preços como um dos pilares na geração de resultados.

Quem media a discussão é George Papageorgiou, sócio na DOC, consultoria especializada em pricing e revenue management. George é um executivo sênior com experiência na liderança de equipes comerciais, trade marketing, key account management e excelência comercial em empresas FMCG e Farma.

🎫 Os ingressos para o evento estão esgotados, mas você pode entrar na fila de espera, acessando: http://bit.ly/AprixConnect2023, ou no link da bio.",10/04/2023 13:10,https://www.instagram.com/p/Cx_VXkSu2Ch/,Imagem do Instagram,Vitalício,221,190,0,11,0,0,,
"Jose Inacio Neto é diretor de Revenue Management na L'Oréal, com experiência em planejamento estratégico de vendas e Revenue Management em grandes empresas. Atuou em diversas indústrias, como BRF, Johnson & Johnson e GSK. José será um dos painelistas do Aprix Connect, participando do painel “Como criar uma cultura de RGM na sua companhia?”.

A governança organizacional será discutida como elemento essencial para a cultura de RGM, com foco na necessidade de alinhar metas e decisões entre os departamentos. Também será abordada a relação entre os setores de pricing e o departamento comercial.

Os ingressos para o evento estão esgotados, mas você pode entrar na fila de espera, acessando o link: http://bit.ly/AprixConnect2023",10/06/2023 11:10,https://www.instagram.com/p/CyEV5fCOnZR/,Imagem do Instagram,Vitalício,270,237,0,10,0,0,,
"A política monetária e o panorama macroeconômico impactam diretamente o pricing das empresas CPG, influenciando custos, margens de lucro e demanda do consumidor. Uma compreensão sólida dessa relação é crucial para tomar decisões de pricing eficazes no setor.

Na palestra “Perspectivas econômicas no Brasil e impactos nos preços”, a especialista em inflação e estratégia da Warren Andréa Angelo aprofundará como as decisões de políticas monetárias vêm afetando a economia, incluindo seu impacto na inflação, no investimento e no consumo. 

🎫 Ingressos esgotados! Entre na fila de espera para o Aprix Connect acessando: http://bit.ly/AprixConnect2023, ou no link da bio.",10/09/2023 10:10,https://www.instagram.com/p/CyL4cOhuQ-U/,Imagem do Instagram,Vitalício,239,213,0,14,0,0,,
"Falta uma semana para o Aprix Connect 2023!

Estamos nos preparando para receber os participantes do Aprix Connect da melhor maneira possível, em um ambiente confortável e acessível a todos.

Será uma tarde durante a qual os maiores nomes do pricing terão acesso a conteúdos muito ricos, com cases e boas práticas em algumas das maiores empresas do país.

Além disso, haverá vários momentos de networking, para fomentar e fortalecer a comunidade de pricing do Brasil.
Confira a programação completa acima:

🎫 Os ingressos para o evento estão esgotados, mas você ainda pode entrar na fila de espera, acessando o link: https://lnkd.in/daF3YeHg",10/10/2023 15:10,https://www.instagram.com/p/CyPAGAyueHE/,Carrossel do Instagram,Vitalício,306,234,2,22,0,0,,
"O uso da IA para tomar decisões de preços se tornará cada vez mais uma necessidade para os times e as lideranças que desejam performar em mercados competitivos. Quando se trata de Revenue Growth Management, a tecnologia é essencial para resolver problemas complexos de precificação com alto volume de dados.

No Aprix Connect, quem falará sobre o tema é o CEO da Aprix, Guilherme Zuanazzi. Na palestra “IA como aliada na precificação”, o especialista compartilhará sobre os desafios e sucessos da jornada de adoção da tecnologia para evoluir a maturidade do pricing em grandes cias. 

Os ingressos para o evento estão esgotados, mas você ainda pode entrar na fila de espera, acessando o link: http://bit.ly/AprixConnect2023",10/11/2023 11:10,https://www.instagram.com/p/CyRJLVfu4cc/,Imagem do Instagram,Vitalício,376,322,0,19,0,0,,
"Ficamos muito felizes com nossa participação no @rioinnovationweek 🚀

Ao longo de três dias, cerca de 130 mil pessoas compareceram ao evento para mergulhar em discussões sobre tecnologia e inovação, com aproximadamente 1500 palestrantes.

Agradecemos ao público que prestigiou a sessão técnica sobre Indústria, onde Bernardo Queiroz apresentou o case de um cliente Aprix, e o painel “Alavancando resultados através do pricing com Inteligência Artificial”, formado por Gabriel Vargas Correa, da Aprix, Isabela Ribeiro e Danilo Sad, da Vibra Energia. Ficamos muito satisfeitos com mais essa parceria com a Vibra.

A Aprix acredita que a difusão do conhecimento é essencial para gerar inovação, por isso, apreciamos a oportunidade de participar deste evento compartilhando algumas das nossas experiências.",10/13/2023 11:10,https://www.instagram.com/p/CyWV-4eOW4n/,Imagem do Instagram,Vitalício,503,435,1,31,2,0,,1
"O Aprix Connect é hoje! 🚀

Com cinco anos do mercado de tecnologias para pricing no Brasil, percebemos que, embora o gerenciamento de receita seja assunto importante e com relevância crescente no cenário nacional, ainda carece de ambientes para troca entre profissionais.

Cientes desta lacuna, decidimos criar o Aprix Connect para ser um espaço que reúna os maiores profissionais de pricing do Brasil. O objetivo é compartilhar experiências, disseminar boas práticas e, é claro, fortalecer o ecossistema das disciplinas de Pricing e Revenue Growth Management no país.

Estamos muito empolgados com a realização deste evento! Não deixe de nos acompanhar em nossas redes sociais para não perder nenhum detalhe! 😉",10/17/2023 08:10,https://www.instagram.com/p/CygRPp7OXGu/,Imagem do Instagram,Vitalício,539,460,4,34,3,0,,
"A primeira edição do Aprix Connect foi um sucesso! 🚀

Decidimos criar o Aprix Connect para ser um espaço que reúna alguns dos principais profissionais de pricing e RGM do Brasil: conseguimos! 

Estamos extremamente realizados com as trocas genuínas que aconteceram ontem. Os feedbacks positivos sobre o evento reforçam a ideia de que é possível construir uma comunidade compartilhando conhecimento e boas práticas em um espaço diverso e aberto pro debate!

Nossos mais sinceros agradecimentos aos speakers e a todos os participantes.

Até ano que vem! 💙",10/18/2023 09:10,https://www.instagram.com/p/CyjCR70uAXb/,Imagem do Instagram,Vitalício,950,734,4,94,11,0,,
"A Aprix é uma das @100openstartups 2023! 🏆

Ficamos classificados no top 5 da categoria Artificial Intelligence. O ""Top 100 Open Startups"" destaca as empresas mais inovadoras e promissoras do ecossistema nacional de startups. Receber este prêmio em um ano no qual os avanços em IA tiveram tanto destaque e aplicação em soluções cotidianas apenas reforça a legitimidade de nossa missão: gerar eficiência para nossos clientes através de IA.

Agradecemos a Open Startups pelo prêmio, aos clientes, que confiam em nossa solução, e a toda a equipe da Aprix por tornar possíveis conquistas como esta.",10/19/2023 12:10,https://www.instagram.com/p/Cyl7BX-OKaj/,Imagem do Instagram,Vitalício,1263,967,20,172,11,1,,6
"Neste mês, realizamos três visitas à Ipiranga para reforçar nosso vínculo, avaliar oportunidades e alinhar nossa visão para o futuro da nossa parceria, que já dura três anos.

Agradecemos à Ipiranga pela confiança contínua. Estamos animados para o que o futuro nos reserva.",10/20/2023 09:10,https://www.instagram.com/p/CyoKiWguKDo/,Imagem do Instagram,Vitalício,627,522,2,44,0,0,,
"A Farma Conde é comprometida com a inovação e busca estar alinhada às melhores práticas de mercado em pricing. Estamos muito felizes com a parceria e empolgados com o futuro da nossa colaboração.

Na última semana, o CRO da Aprix, Bernardo Queiroz, compareceu ao We Conde Xperience, um evento que celebrou os 30 anos de sucesso da rede no varejo farmacêutico.

Também visitamos a Farma Conde e tivemos a honra de conhecer Manoel Conde, diretor da empresa. Apresentamos o projeto e os resultados obtidos até o momento, reforçando a relevância do pricing para a companhia, bem como os próximos passos.

Parabéns a toda a equipe da Farma Conde pelos 30 anos da empresa!
Agradecemos a Marcia Jaqueline Santana, Izabel Ramos, Bárbara Gouveia, Felipe Azevedo e Gilson Queiroz pelo convite e pela recepção.",10/27/2023 06:10,https://www.instagram.com/p/Cy55XJRux37/,Imagem do Instagram,Vitalício,579,530,3,35,3,0,,
"Fomentar e fortalecer a comunidade de pricing no Brasil: esse foi o nosso objetivo ao criar o Aprix Connect. 

Construímos um ambiente para compartilhar conhecimento, trocar experiências e promover conexões entre alguns dos maiores profissionais de pricing do país. 

O Aprix Connect reuniu mais de 120 pessoas interessadas em aprender mais sobre o universo do Revenue Growth Management e as últimas tendências em pricing no Brasil. Apesar de ser uma área emergente em muitas empresas brasileiras, 43% dos participantes estão em cargos com os termos ""Pricing"" ou ""RGM"" e correlatos no título. Esse número é muito significativo, considerando a escassez de ambientes propícios para a reunião de profissionais especializados e para a discussão da disciplina. 

Além disso, os demais 57% foram ao evento pois conhecem a relevância da disciplina, ou estão em empresas que reconhecem sua importância. Estas pessoas estão aprimorando suas carreiras e adquiriram grande potencial de promover uma cultura de pricing e RGM em suas companhias. Para a Aprix, isso significa um passo muito importante na nossa missão de ajudar empresas de diferentes setores a ganhar eficiência! 

Agradecemos a todos os palestrantes, painelistas e participantes por contribuírem para a riqueza das discussões. 

Nos orgulhamos muito do que construímos na primeira edição do Aprix Connect e nos vemos em 2024!",10/30/2023 13:10,https://www.instagram.com/p/CzCSCglOm-m/,Carrossel do Instagram,Vitalício,297,247,0,27,0,0,,
"No dia 17 de outubro, o STATE Innovation Center, em São Paulo, foi palco do Aprix Connect, que reuniu mais de 120 profissionais que trabalham com pricing e Revenue Growth Management (RGM) no Brasil. Com doze palestrantes de empresas reconhecidas, o evento foi projetado para discutir as tendências no mercado, promover a troca de experiências, compartilhar boas práticas e estimular o networking, com o objetivo de fortalecer e integrar a comunidade de pricing no Brasil.

Nesta matéria do Aprix Journal, saiba mais sobre a primeira edição do Aprix Connect e confira um resumo das palestras e painéis. Acesse: bit.ly/3tT7nAV, ou o link na bio.

Qual insight mais chamou sua atenção?",11/01/2023 05:11,https://www.instagram.com/p/CzGpvsIujYa/,Imagem do Instagram,Vitalício,224,202,0,22,1,0,,
"O Revenue Management, também conhecido como Gestão de Receita, surgiu nos anos 80 nos Estados Unidos, inicialmente nas companhias aéreas, como uma resposta à crescente concorrência. Ao longo dos anos, expandiu-se para setores como hotelaria e aluguel de automóveis, visando maximizar lucros através de estratégias de precificação, gestão de oferta e previsão de demanda.

Na coluna de Pedro Piccoli Soares, o especialista explica o poder do Revenue Management para maximizar lucros e competitividade em diversos setores.

Leia em bit.ly/3MqjADu, ou no link da bio.",11/03/2023 09:11,https://www.instagram.com/p/CzMMYwSu4qE/,Imagem do Instagram,Vitalício,151,136,0,6,0,0,,
"A primeira etapa do processo de pricing consiste na consolidação de dados de várias fontes, como as áreas de marketing, trade e vendas, em uma planilha unificada.

O processo de consolidação de dados é normalmente realizado manualmente pelo time de pricing, o que o torna suscetível a erros e consome muito tempo da equipe. Em um cenário de inflação alta e dinamismo no mercado, esse tempo pode ser crucial para determinar o posicionamento de preços.

Saiba como otimizar esse processo no Aprix Journal. Leia em bit.ly/3QN3Z2z, ou no link da bio.",11/09/2023 05:11,https://www.instagram.com/p/CzbSELWO9xu/,Imagem do Instagram,Vitalício,98,89,0,10,0,0,,
"Embora a automação de atividades com Inteligência Artificial não seja novidade para processos manuais na indústria, uma perspectiva inovadora propõe iniciar a automação por um setor-chave para qualquer empresa: o pricing. Entre os fatores que justificam essa decisão, estão o aumento de receita e de resultados e boa aceitação das equipes.

Leia o texto no Aprix Journal: acesse bit.ly/461OglL, ou no link da bio.",11/09/2023 05:11,https://www.instagram.com/p/CzbS-4IOYKa/,Imagem do Instagram,Vitalício,117,108,0,8,0,0,,
"Os algoritmos de inteligência artificial possuem a capacidade de analisar uma enorme quantidade de dados de modo ágil e preciso. Tal funcionalidade foi um game changer para diversas áreas de atuação, entre estas a precificação de produtos e serviços.

Dessa forma, instituiu-se o que hoje se conhece como precificação dinâmica. O termo se popularizou durante os últimos anos sobretudo em razão do seu uso por aplicativos de transporte, porém há uma diversidade de aplicações.

O Aprix Journal resolveu explicar três tipos de estratégias de precificação dinâmica.

Leia em https://bit.ly/478GN5y, ou acesse o link na bio.",11/14/2023 04:11,https://www.instagram.com/p/CzoJdPpuvJN/,Imagem do Instagram,Vitalício,145,131,0,9,0,0,,
"O pricing surge a partir dos esforços de diversas áreas correlacionadas, com um objetivo em comum: definir os melhores preços para produtos e serviços. Desse modo, construir uma cultura orientada para o pricing serve para que o processo ou departamento que gera a precificação seja robusto e eficiente.

Entenda como a cultura de pricing beneficia as empresas e conheça os primeiros passos para construí-la.

Leia em: https://aprix.com.br/cultura-de-pricing-o-que-e-e-como-implementar/, ou acesse o link na bio.",11/20/2023 12:11,https://www.instagram.com/p/Cz4b_WEOGT_/,Imagem do Instagram,Vitalício,133,124,0,12,0,0,,
"Vote na Aprix para o Meet the Drapers (@meetthedrapers)

Durante o Web Summit 2023 participamos da gravação deste reality show do qual investidores escolhem as três startups mais promissoras e inovadoras para receber aportes do investidor Tim Draper.

Confira o passo a passo para votar na Aprix:
- acesse o link meetthedrapers.com/vote
- vá à aba da categoria Brazil (Rio de Janeiro) e
- escolha a Aprix e clique em VOTE

Cada email logado é limitado a um voto para uma startup específica. A votação encerra em 16 de dezembro.

Contamos com o seu apoio!",11/21/2023 10:11,https://www.instagram.com/reel/Cz6vGufOpPr/,Reel do Instagram,Vitalício,462,375,2,43,0,1,743,
"De acordo com Paul Hunt, da Pricing Solutions, existem cinco níveis de maturidade em pricing, e apenas 10% das empresas estão nos dois níveis mais avançados. Saiba identificar o que diferencia as empresas no nível “mestre em preços”, que concentra a elite das equipes de precificação, e como isso impacta os resultados da empresa e veja o passo a passo que as empresas devem fazer para chegar a esse nível.

Leia no Aprix Journal. Acesse https://bit.ly/3AgXVbx, ou o link na bio.",11/23/2023 11:11,https://www.instagram.com/p/Cz_-QbGuPJV/,Imagem do Instagram,Vitalício,153,141,0,14,0,0,,
"A colaboração da equipe de pricing com a alta administração e a diferentes áreas é fundamental para garantir resultados mais efetivos e maximização das receitas. Mas empresas que não possuem um setor específico dedicado à área podem enfrentar desafios na estruturação e execução de estratégias de precificação. Portanto, é essencial que as empresas avaliem a necessidade de criar uma área especializada e posicionem-na adequadamente na estrutura organizacional.

Com uma abordagem estratégica e coordenada, as empresas podem aproveitar ao máximo o potencial do pricing e do revenue management para impulsionar seu sucesso financeiro.

Para você, a quem o pricing deve responder?

Para ler a matéria no Aprix Journal, acesse o link na bio, ou https://bit.ly/41PxLH2.",11/28/2023 12:11,https://www.instagram.com/p/C0M9LqWu0Ir/,Imagem do Instagram,Vitalício,111,100,0,8,0,0,,
"O Revenue Growth Management (RGM) está ganhando destaque nas empresas devido à sua abordagem centrada no consumidor, foco na rentabilidade, uso de dados e tecnologia, estratégias integradas e capacidade de resposta às mudanças do mercado.

De acordo com Pedro Fernandes, um dos sócios da Customer Practice da McKinsey Brasil, para se destacar no mercado, empresas devem não somente dominar o uso de ferramentas e metodologias básicas, mas também buscar o aprimoramento constante rumo ao nível mais avançado. Saiba como nesta matéria do Aprix Journal.

Leia em: https://bit.ly/PilaresRGM. Acesse o link na bio.",11/30/2023 11:11,https://www.instagram.com/p/C0SFWZRud_T/,Imagem do Instagram,Vitalício,135,124,0,12,0,0,,
"Você sabe qual é o nível de maturidade do pricing na sua empresa? Entre os cinco níveis de maturidade, a maioria dos negócios chega até o terceiro degrau dessa escada. Paul Hunt, presidente da Pricing Solutions, empresa de estratégia de consultoria em preços, defende que os negócios podem ser divididos em cinco níveis em uma escala de maturidade quanto ao seu processo decisório de precificação.

No Aprix Journal, mostramos quais são as tendências para elevar o nível da maturidade em precificação em 2024. Saiba mais: https://lnkd.in/dNetGihG",12/05/2023 12:12,https://www.instagram.com/p/C0e_kEOOqL1/,Imagem do Instagram,Vitalício,118,109,0,8,0,0,,
"De acordo com Paul Hunt, da Pricing Solutions, existem cinco níveis de maturidade em pricing, e apenas 10% das empresas estão nos dois níveis mais avançados. Saiba identificar o que diferencia as empresas no nível “mestre em preços”, que concentra a elite das equipes de precificação, e como isso impacta os resultados da empresa.

Quais destas características sua empresa tem?

Leia no Aprix Journal. Acesse: https://lnkd.in/dar_4MBV",12/07/2023 11:12,https://www.instagram.com/p/C0kGAvZuK4R/,Imagem do Instagram,Vitalício,128,118,0,7,0,0,,
"Gerenciar preços em vários canais de vendas é uma tarefa desafiadora que exige que as empresas definam estratégias de preços que atraiam os compradores, maximizem o retorno sobre o investimento e monitorem constantemente os preços estabelecidos nos canais de venda.

Uma ferramenta de análise de preços pode ajudar a identificar tendências de preços nos canais de vendas e a medir a eficácia dos esforços de gerenciamento de preços.

Como você lida com este desafio de precificação?

Leia a matéria completa no Aprix Journal: https://bit.ly/3uW4tfg",12/12/2023 11:12,https://www.instagram.com/p/C0w9KMKOj0R/,Imagem do Instagram,Vitalício,97,91,0,5,0,1,,
"O ano de 2024 se apresenta como um período de desafios e oportunidades para o Revenue Management, exigindo das empresas uma visão proativa e adaptável para alcançar o crescimento. Nesse contexto, compreender e antecipar as tendências que moldarão a maximização da receita torna-se fundamental para manter a competitividade e impulsionar o sucesso empresarial.

Saiba mais neste texto do Aprix Journal.
Leia em: https://bit.ly/4awtez8, ou acesse o link na bio.",12/14/2023 09:12,https://www.instagram.com/p/C013-r2OVvl/,Imagem do Instagram,Vitalício,113,105,0,7,0,0,,
"Este ano foi repleto de grandes marcos para a Aprix, tornando-nos uma empresa cada vez mais resiliente e inovadora.  Usamos nossa expertise para criar o maior evento sobre Pricing e RGM do Brasil, além de criar um treinamento para empresas. Em meio ao boom da IA, fomos reconhecidos como uma das principais startups de IA do Brasil!

Em 2023, a Aprix completou cinco anos de atuação em soluções de ciência de dados e de inteligência artificial na precificação. Neste ano, expandimos nossa atuação como plataforma SaaS para o âmbito educacional, promovendo eventos, cursos e parcerias com diversos atores na área. Cada conquista deste ano confirma que estamos no caminho certo para concretizar nossa visão de um mundo mais eficiente.

Leia a matéria completa no Aprix Journal.",12/19/2023 12:12,https://www.instagram.com/p/C1DFBnLuysu/,Imagem do Instagram,Vitalício,331,294,1,24,1,0,,
"Lançamento: Aprix Connect Magazine 📖

O Aprix Connect compartilhou informações valiosas para os profissionais de RGM prepararem-se para os desafios dos próximos anos. Pensando nisso, construímos um conteúdo muito especial com os melhores momentos do evento:
• Takeaways das palestras
• Resumo dos painéis
• Vídeos inéditos
• Momentos de networking

Acesse os principais insights do maior evento de pricing e RGM do Brasil! 
Baixe gratuitamente pelo link na bio ou acesse bit.ly/AprixConnect2023",12/21/2023 13:12,https://www.instagram.com/p/C1IT2_eOHGZ/,Imagem do Instagram,Vitalício,198,173,2,15,0,0,,
"Hoje é dia de conhecer quem entrou na equipe durante o último trimestre de 2023. Boas vindas, novos aprixers! 💙",12/26/2023 10:12,https://www.instagram.com/p/C1U378zufMu/,Carrossel do Instagram,Vitalício,619,468,1,56,0,2,,2
"“Muita coisa aconteceu nos últimos 13.8 bilhões de anos 🎇”

Assim começa o Manifesto Aprix, onde contamos os pilares do nosso propósito de busca por eficiência. Um ano é apenas um recorte no tempo, uma medida humana para tangibilizar acontecimentos. Afinal, de que outra forma poderíamos colocar em perspectiva nossas contribuições para a humanidade, quando ela mesma tem uma jornada de 200 mil anos? 2023 é apenas uma pequena parcela desse processo histórico maior que todos nós.

Ainda assim, quando olhamos para dentro da Aprix, percebemos que, neste intervalo de 365 dias, vivemos momentos inesquecíveis, alcançamos conquistas e construímos etapas muito importantes na nossa história, e que agora são parte fundamental da nossa jornada principal: a busca por eficiência.

No próximo ano, seguiremos empenhados na construção de um mundo mais eficiente. 🚀",12/28/2023 10:12,https://www.instagram.com/p/C1aC3tmuKSO/,Carrossel do Instagram,Vitalício,351,272,13,45,5,0,,
"De acordo com a McKinsey, o pricing é a alavanca de resultados mais imediata nas empresas. Por isso, um dos painéis do Aprix Connect será “O poder do pricing sobre o EBITDA da sua companhia”.

Neste painel, especialistas em pricing discutirão estratégias, ferramentas e práticas de empresas que têm os preços como um dos pilares na geração de resultados.

Um deles é Daniel Bannwart Rago, que tem 5 anos de experiência impulsionando estratégias de negócios em grandes empresas de FMCG e grandes indústrias. 

🎟 Os ingressos para o evento estão esgotados, mas você pode entrar na fila de espera, acessando o link: bit.ly/AprixConnect2023, ou o link na bio.",10/02/2023 13:10,https://www.instagram.com/p/Cx6MwrcuSWT/,Imagem do Instagram,Vitalício,225,193,0,7,0,0,,
"Estamos na Rio Innovation Week! 💡 🚀 

A @rioinnovationweek é um evento que acontece no Rio de Janeiro e reúne empreendedores, startups, investidores, acadêmicos, profissionais da área de tecnologia e interessados em geral para discutir e compartilhar ideias sobre as últimas tendências e avanços no campo da inovação.

A Aprix estará no palco duas vezes durante o evento:

03/10 | @vargascorrea integra o painel “Alavancando resultados através do pricing com Inteligência Artificial”.

05/10 | @queirozber participa da Sessão Técnica sobre Indústria, apresentando o case “Como uma indústria FMCG gerou R$151,24 milhões em oportunidades em um ano com otimização do pricing”.

Se você estiver no evento, venha trocar ideias conosco ou aprender mais sobre o futuro do pricing no Brasil! 🏷",10/03/2023 12:10,https://www.instagram.com/p/Cx8vGp4O8xY/,Carrossel do Instagram,Vitalício,358,250,0,21,4,0,,
"O Aprix Connect surgiu para criar um ambiente de troca entre os principais nomes do pricing e RGM no Brasil.

O evento visa fomentar um ambiente plural de discussões sobre pricing, protagonizadas pelos decisores das maiores companhias de bens de consumo, consultorias e empresas de tecnologia. Será uma oportunidade para profissionais se atualizarem sobre as principais tendências de Pricing e RGM no país, a partir da união de diferentes perspectivas sobre a disciplina.

Data: 17/10/23
Horário: 14h — 19h
Local: São Paulo| STATE Innovation Center

Ingressos limitados! 
Mais informações pelo link na bio.
Ou acesse: bit.ly/AprixConnect2023",09/06/2023 06:09,https://www.instagram.com/p/Cw2hxK-uiDh/,Carrossel do Instagram,Vitalício,517,406,10,41,2,0,,
"Estamos com vagas abertas para estágio em Machine Learning Engineer e Full Stack Developer! 🚀

Procuramos pessoas para, junto do time de desenvolvimento, ajudar em nossa missão: desenvolver soluções de data science que auxiliem agentes de diferentes portes e segmentos a solucionar problemas na busca por maior eficiência. 

Saiba mais sobre as vagas nos cards. 

Curtiu? Envie o seu currículo para careers@aprix.com.br",07/19/2023 10:07,https://www.instagram.com/p/Cu40J-uOqyd/,Carrossel do Instagram,Vitalício,697,512,19,55,1,2,,
"Em um dos paineis do Aprix Connect, especialistas debaterão sobre a importância de alinhar a visão estratégica da alta gestão das companhias com a execução do dia a dia das áreas de pricing e comercial. A governança organizacional e de preços será discutida como elemento essencial para a cultura de RGM, com foco na necessidade de alinhar visões e metas entre os departamentos. Especificamente, será abordada a relação da área de pricing com as estruturas financeiras e de vendas das grandes companhias.

No Aprix Connect, Thiago Menezes vai dividir o palco com outros grandes especialistas para falar sobre cultura. Thiago é responsável pelo pricing nacional na Ambev. Possui experiência em vendas com foco em precificação, estratégia e planejamento. Possui vivência multidisciplinar com profissionais de logística, financeiro, marketing, gestão e vendas. 
 
🎟 Os ingressos para o evento estão esgotados, mas você pode entrar na fila de espera, acessando o link: bit.ly/AprixConnect2023",09/29/2023 11:09,https://www.instagram.com/p/CxyQNFvO4vm/,Imagem do Instagram,Vitalício,232,206,0,9,0,0,,
"No Aprix Connect, mostraremos abordagens práticas de como o pricing pode atuar como catalisador para potencializar os resultados financeiros na indústria FMCG, garantindo um EBITDA saudável e promovendo um crescimento sustentável. 

Luis Barreto Bisneto, diretor de Revenue Management na M. Dias Branco, apresentará a palestra “Pricing gerando EBITDA: estruturação de uma área de pricing em uma indústria FMGC”. O especialista discutirá a importância da análise de mercado, da avaliação da concorrência e da compreensão da percepção de valor do cliente.

Do ponto de vista interno, Bisneto abordará a estruturação de equipes de pricing orientadas para um papel estratégico a partir de casos reais.

🎫 Os ingressos para o evento estão esgotados, mas você pode entrar na fila de espera pelo link: bit.ly/AprixConnect2023, ou no link da bio.",09/27/2023 08:09,https://www.instagram.com/p/CxsxWjUOFmU/,Imagem do Instagram,Vitalício,228,207,0,17,0,0,,
"No painel ""O poder do pricing sobre o EBITDA da sua companhia"", especialistas em pricing discutirão estratégias, ferramentas e práticas de empresas que têm os preços como um dos pilares na geração de resultados.

Diana Serra é gerente de Pricing na Unilever. Possui experiência na área financeira, apoiando processos de negócios como marketing, supply chain, compras e finanças corporativas.

🎫 Os ingressos para o evento estão esgotados, mas você pode entrar na fila de espera. Confira mais informações na página do evento. 

Acesse bit.ly/AprixConnect2023, ou o link da bio.",09/25/2023 11:09,https://www.instagram.com/p/Cxn-XD7ued9/,Imagem do Instagram,Vitalício,182,168,0,12,0,0,,
"No painel “Como criar uma cultura de RGM na sua companhia?”, especialistas destacarão a importância de alinhar as estratégias de pricing com a alta gestão da empresa, oferecendo insights para implementar práticas eficazes de RGM e impulsionar o crescimento sustentável.

Quem completa o painel é Fernando Henrique Martins, diretor de Revenue Growth Management na Bimbo Brasil, com mais de 15 anos de experiência na área de gestão de receita e pricing em grandes empresas de bens de consumo. Prioriza inovação e alto padrão de qualidade, criando valor para stakeholders.

🎟️ Os ingressos para o evento estão esgotados, mas você pode entrar na fila de espera. Acompanhe a Aprix para aprender cada vez mais sobre inovação no universo de RGM.

Mais informações pelo link: bit.ly/AprixConnect2023, ou no link da bio.",09/22/2023 10:09,https://www.instagram.com/p/CxgK5fBO1Pv/,Imagem do Instagram,Vitalício,216,194,0,14,0,0,,
"De acordo com a McKinsey, o pricing é a alavanca de resultados mais imediata nas empresas. No painel “O poder do pricing sobre o EBITDA da sua companhia”, especialistas em pricing discutirão estratégias, ferramentas e práticas de empresas que têm os preços como um dos pilares na geração de resultados.

Um dos painelistas é Victor Godinho, head de Revenue Management na Diageo, com uma carreira focada em impulsionar estratégias de negócios e crescimento de receitas. A Diageo é líder global em bebidas premium, a multinacional britânica opera em diversos mercados ao redor do mundo e tem uma presença significativa na indústria de bebidas alcoólicas. A empresa possui mais de 200 marcas vendidas em 180 países.

Os ingressos para o evento estão esgotados, mas você pode entrar na fila de espera. Acompanhe a Aprix para aprender cada vez mais sobre inovação no universo de RGM.

Mais informações pelo link: bit.ly/AprixConnect2023, ou no link da bio.",09/21/2023 10:09,https://www.instagram.com/p/Cxdj3JVOtUL/,Imagem do Instagram,Vitalício,218,199,1,15,0,0,,
"A estratégia de precificação dinâmica, uma abordagem que ganha cada vez mais relevância devido à sua alta eficácia, foi primeiramente implementada no setor da aviação pela American Airlines. De acordo com Steffen Christ, autor do livro “Operacionalizando Modelos de Precificação Dinâmica”, a empresa relatou um impressionante ganho anual de USD 500 milhões graças à adoção de sistemas de preços dinâmicos. 

Essa inovação reinventou a forma como as empresas capturam valor por seus produtos e serviços através da inovação. Inspirado por essa revolucionária experiência, foi criado o logo do Aprix Connect. Através das formas do logotipo da Aprix foi desenvolvido o ícone semelhante a um avião — você já tinha reparado? —, prestando homenagem ao setor onde nasceu a precificação baseada em valor. 

A Aprix tem como base o protagonismo pela busca de soluções inovadoras para ganhos de eficiência. Em especial, queremos estender a vários mercados a possibilidade de controlar seus resultados estabelecendo preços assertivos.  Assim, no intuito de fortalecer o ecossistema de pricing brasileiro, o Aprix Connect surge com a ambição de ser o maior espaço para a discussão de pricing no Brasil, em seu nível mais avançado. 

Leia os cards acima e entenda o processo por trás da criação do evento. ️

Os ingressos estão esgotados, mas você pode entrar na fila de espera pelo link bit.ly/AprixConnect2023",09/19/2023 07:09,https://www.instagram.com/p/CxYHCQbOKIa/,Carrossel do Instagram,Vitalício,278,215,0,28,0,0,,
"Profissionais altamente experientes estarão em diálogo durante os painéis do Aprix Connect. No tema “Como criar uma cultura de RGM na sua companhia?”, uma das especialistas é Ana Efigênia Souza Barros.

Ana Efigênia é uma profissional especializada em Pricing e Revenue Management com mais de 20 anos de experiência liderando áreas e projetos em grandes empresas nos setores B2C, B2B, serviços e commodities. Aborda desde a criação até a estruturação do setor, incorporando operações e táticas de pricing e RM.

Os especialistas destacarão a importância de alinhar as estratégias de pricing com a alta gestão da empresa, oferecendo insights para implementar práticas eficazes de RGM e impulsionar o crescimento sustentável. 

🎫 Os ingressos para o evento estão esgotados, mas você pode entrar na fila de espera. Acompanhe a Aprix para aprender cada vez mais sobre inovação no universo de RGM.

Mais informações pelo link: bit.ly/AprixConnect2023, ou no link da bio.",09/15/2023 11:09,https://www.instagram.com/p/CxOMfnbuhWI/,Imagem do Instagram,Vitalício,344,310,0,23,0,0,,
"Conheça os nomes que estarão no palco do Aprix Connect para compartilhar sua experiência em Revenue Growth Management.

Pedro Fernandes é um dos líderes da prática de Consumo e Varejo da McKinsey no Brasil. Seu foco é em RGM e Go-to-market para CPG, e em sua experiência prévia à McKInsey liderou essas áreas em uma multinacional do setor.

Em sua palestra, intitulada “Desafios de RGM para empresas de consumo em 2023-24”, Pedro abordará as complexidades e oportunidades que as empresas de bens de consumo enfrentam para impulsionar o crescimento de receitas nos próximos anos, considerando o panorama e as particularidades do Brasil. Também falará sobre as capacitações que têm sido desenvolvidas pelas empresas que estão mais avançadas na sua jornada, incluindo a utilização de novas fontes de dados e inteligência artificial.

Garanta seu ingresso!
Mais informações pelo link: bit.ly/AprixConnect2023, ou no link da bio.",09/13/2023 09:09,https://www.instagram.com/p/CxI6LlbuCJ1/,Imagem do Instagram,Vitalício,320,270,1,20,0,0,,
"Na última semana de agosto, demos início oficial a um novo projeto em colaboração com a Fruki Bebidas, marca com presença significativa na região sul do Brasil. Nossa meta conjunta é o fortalecimento das práticas de Revenue Growth Management, agilizar o processo de precificação e aperfeiçoar o controle da execução das estratégias de preços da companhia.

Esperamos gerar mais eficiência, automatizando os processos de decisão e ajuste de preços e promoções, além de fornecer suporte para decisões mais preditivas e granulares.

Estamos muito empolgados com essa fase inicial e mantemos uma confiança sólida de que essa parceria trará resultados excepcionais para ambas as organizações!",09/12/2023 10:09,https://www.instagram.com/p/CxGakehuZSs/,Imagem do Instagram,Vitalício,673,607,7,67,1,1,,
"Para evitar que custos defasados gerem erros na precificação, o sistema da Aprix ajuda na coleta e no monitoramento de preços na ponta. Isso possibilita que os clientes da Aprix analisem dados atualizados para estarem conectados com suas estratégias e também com o que o mercado está praticando.

O CEO da Aprix, Guilherme Zuanazzi, participou do ITS Cast e comentou sobre esse assunto. 

O episódio completo do podcast da @itsgroupoficial, com foco em inovação, processo, tecnologia e tendências do mercado SAP, pode ser acessado no link na bio!",04/06/2023 11:04,https://www.instagram.com/reel/CqtDl9BpzQ6/,Reel do Instagram,Vitalício,542,404,0,38,0,0,514,
"O uso da inteligência artificial é uma questão complexa que envolve diversas implicações éticas e sociais. É importante reconhecer que a IA é uma ferramenta desenvolvida e utilizada por seres humanos, e que, portanto, está sujeita aos vieses e preconceitos que fazem parte da nossa sociedade.

Em entrevista ao Aprix Journal, professor e pesquisador do Instituto de Pesquisas Tecnológicas Adriano Leal falou sobre o desenvolvimento ético de soluções em IA. 

Leia a entrevista completa em http://bit.ly/4066WNW, ou acesse o link na bio.",04/13/2023 06:04,https://www.instagram.com/p/Cq-i7eQOb34/,Imagem do Instagram,Vitalício,224,200,0,21,0,0,,
"O amadurecimento do processo de pricing pode ser uma ferramenta poderosa para impulsionar resultados em grandes empresas. 

Acesse agora o White Paper e saiba como uma indústria de bens de consumo rápido gerou R$151,24 milhões em oportunidades em um ano com otimização do pricing! Entenda qual era o cenário anterior e qual foi a abordagem da Aprix para atingir esse resultado. 

Acesse o link na bio e baixe gratuitamente!",04/17/2023 13:04,https://www.instagram.com/p/CrJmewaOQKC/,Carrossel do Instagram,Vitalício,230,180,0,21,0,0,,
"A estratégia de gestão de receita visa analisar e controlar os preços e a disponibilidade dos seus produtos ou serviços para aumentar a lucratividade. Com a aplicação do Revenue Management e do Pricing, é possível melhorar a rentabilidade, posicionar-se competitivamente no mercado, gerenciar recursos com mais eficiência e satisfazer as necessidades dos clientes. 

Saiba como aplicá-las e impulsionar o seu negócio a longo prazo nesta matéria do Aprix Journal. Leia em:  https://bit.ly/3UJbTLP, ou acesse o link na bio.",04/18/2023 12:04,https://www.instagram.com/p/CrMGWvUO-li/,Imagem do Instagram,Vitalício,151,130,0,12,0,0,,
"Para que o crescimento do negócio acompanhe o do time, a abordagem da Aprix é considerar as pessoas um indicador tão importante para a saúde da empresa quanto receita e margem.

Este foi um dos pontos abordados pelo CEO da Aprix, Guilherme Zuanazzi, no painel “Estratégias para a Retenção de Talentos”, no South Summit Brazil 2023. Na primeira edição do evento, em 2022, recebemos o prêmio de Melhor Time da Competição de Startups, entre mais de 1000 empresas avaliadas. A partir desse reconhecimento da valorização do time, um aspecto já consolidado em nossa cultura, Zuanazzi foi convidado a compartilhar a experiência da Aprix com o público do evento.

Assista o vídeo e escute a fala completa.",04/19/2023 13:04,https://www.instagram.com/reel/CrOve0UN75w/,Reel do Instagram,Vitalício,341,294,1,34,1,1,327,
"Uma precificação bem estruturada é fundamental para o sucesso de qualquer negócio. Ela pode definir o valor do seu produto ou serviço no mercado, garantir sua competitividade e até mesmo impulsionar suas vendas. Para executar uma precificação assertiva, é essencial ter um processo de precificação robusto.

Entenda nesta matéria do Aprix Journal. Acesse bit.ly/3oxqXQp, ou o link na bio.",04/20/2023 11:04,https://www.instagram.com/p/CrRMlX4Oboc/,Imagem do Instagram,Vitalício,131,116,0,7,0,0,,
"O processo de consolidação de dados é normalmente realizado manualmente pelo time de pricing, o que o torna suscetível a erros e consome muito tempo da equipe. Em um cenário de inflação alta e dinamismo no mercado, esse tempo pode ser crucial para determinar o posicionamento de preços.

Saiba como otimizar esse processo no Aprix Journal. Para ler o texto completo, acesse https://bit.ly/3beoB2E ou link na bio.",04/24/2023 07:04,https://www.instagram.com/p/Cra-hAGuAnC/,Carrossel do Instagram,Vitalício,189,155,1,18,0,0,,
"Empresas brasileiras que possuem ações negociadas nas bolsas americanas precisam estar em conformidade com a lei SOx. se quiserem aumentar a confiança dos investidores nas informações financeiras divulgadas pela empresa e manter sua listagem na bolsa de valores. A implementação dos controles internos e a realização de auditorias independentes exigidas pela SOX podem representar um desafio para as empresas, mas podem aumentar a confiança dos investidores e valorizar as ações da empresa.

Entenda  a importância da Lei SOx para as corporações brasileiras neste texto do Aprix Journal. Acesse https://bit.ly/3LDODfr, ou o link na bio.",04/25/2023 11:04,https://www.instagram.com/p/CreFB4OuXWg/,Imagem do Instagram,Vitalício,166,148,0,11,0,0,,
"Apesar dos avanços que vêm acontecendo na maturidade de pricing das empresas, existe um grande gap a ser explorado no Brasil. O CEO da Aprix, @guilhermezuanazzi, participou do ITS Cast e comentou sobre como a tecnologia auxilia empresas a elevar a sofisticação do processo de pricing.

O ITS Cast é o podcast da @itsgroupoficial focado em inovação, processo, tecnologia e tendências do mercado SAP. O episódio completo pode ser acessado neste link: youtu.be/fjkARgKbN7M",04/26/2023 12:04,https://www.instagram.com/reel/Crgrs0DteZz/,Reel do Instagram,Vitalício,543,409,1,37,0,0,502,
"O preço é um dos fatores mais importantes que afetam a decisão dos clientes de permanecerem ou não fiéis a uma empresa. Para que o preço atue na retenção de clientes, é importante que a empresa ofereça um preço justo e competitivo, levando em consideração a qualidade dos produtos ou serviços oferecidos e o preço praticado pelos concorrentes. Além disso, é importante que a empresa seja transparente em relação aos preços e evite surpresas desagradáveis.

Saiba mais no Aprix Journal. Acesse https://bit.ly/3L5CH4g ou link na bio.",04/27/2023 12:04,https://www.instagram.com/p/CrjPdemOS6-/,Imagem do Instagram,Vitalício,165,152,0,11,0,0,,
"Saiba o que foi assunto no Aprix Journal na última semana 📰

O Revenue Management é um dos temais mais abordados pelo Aprix Journal. Mas você sabe o que significa? O Aprix Journal explica esse conceito central na gestão de um pricing estratégico.

Além disso, o AJ mostrou como um processo de precificação robusto pode beneficiar a empresa em várias frentes, inclusive na retenção de clientes.

De olho no mercado internacional, também falamos sobre a Lei SOX, que regulamenta a bolsa de valores dos EUA, e qual é a vantagem de grandes empresas brasileiras adequarem-se a ela.

Leia todas as matérias do Aprix Journal em aprix.com.br/journal",05/02/2023 12:05,https://www.instagram.com/p/CrwHWmduVgB/,Carrossel do Instagram,Vitalício,179,141,0,20,0,0,,
"O futuro está sendo construído no Web Summit! 🚀

Estamos animados em participar deste grande evento do ecossistema de inovação e tecnologia, que reúne milhares de palestrantes e empresas de todo o mundo em busca de soluções inovadoras.

Hoje, em especial, é um grande dia! Vamos gravar um episódio do reality show “Meet the Drapers” e estamos com um estande no pavilhão 3, ao lado do palco FullSTK. 

Se você está presente no evento, não deixe de nos fazer uma visita.",05/03/2023 09:05,https://www.instagram.com/p/CrydNN8uhQL/,Imagem do Instagram,Vitalício,332,286,4,48,0,0,,
"Uma pesquisa realizada pela BCG apontou alguns dos maiores desafios enfrentados por empresas que buscam resultados excelentes em pricing. A conclusão indica que desenvolver cuidadosamente a estratégia de precificação adequada, táticas de execução, ferramentas e insights, e organização de precificação corretos, qualquer empresa pode aumentar significativamente sua maturidade em pricing. Juntar todos esses elementos leva tempo e esforço, mas pode criar um valor extraordinário.

Foram consultadas empresas de vários setores, incluindo bens industriais, tecnologia, consumo, energia, serviços financeiros e saúde.

Leia a matéria completa no Aprix Journal. Acesse: https://bit.ly/3LS1gDx, ou o link na bio.",05/03/2023 11:05,https://www.instagram.com/p/CrypKkMOTzC/,Imagem do Instagram,Vitalício,167,149,0,10,0,0,,
"Muitas empresas enfrentam dificuldades em transformar seus preços em uma fonte de vantagem competitiva por falta de funcionários com habilidades e treinamentos adequados. Além disso, elas também têm dificuldades em decidir onde posicionar a função de precificação dentro da organização e como centralizá-la.

Leia a matéria completa no Aprix Journal. Acesse https://bit.ly/3LBi8NC, ou o link na bio.",05/04/2023 11:05,https://www.instagram.com/p/Cr1NWg7OhWh/,Imagem do Instagram,Vitalício,145,136,0,9,0,0,,
"A elasticidade é o coeficiente que mede a resposta do público consumidor às alterações de preço. Especialistas consultados pelo Aprix Journal ressaltam sua centralidade nas decisões de preço e a importância de medi-lo com os melhores recursos e bases de dados disponíveis.

Em tese, o cálculo da elasticidade de preço da demanda é simples: basta dividir a variação de preço pela variação na demanda.

No entanto, fatores qualitativos tornam essa realidade muito mais complexa — o que não impede as empresas de fazer uma análise precisa, caso tenham as ferramentas certas.",05/08/2023 07:05,https://www.instagram.com/p/Cr_FwUYu0kY/,Carrossel do Instagram,Vitalício,310,256,0,17,0,1,,
"Aprix no Web Summit Rio! 🚀

Foram quatro dias intensos imersos em um ambiente de inovação e criatividade junto de empreendedores, pesquisadores e investidores que estão construindo o futuro! Tivemos o privilégio de assistir grandes mentes da tecnologia compartilhando seu conhecimento conosco e de construir e fortalecer relações nesse ecossistema.

Durante o evento, disputamos a competição PITCH!, participamos do reality show ”Meet the Drapers”, encontramos grandes parceiros e fizemos conexões incríveis.

O Web Summit é um dos maiores eventos do ecossistema de inovação e tecnologia no mundo. Nesta edição, sediada no Rio de Janeiro, a conferência reuniu mais de 20 mil pessoas, entre elas palestrantes, participantes, executivos e entusiastas da tecnologia de todo o mundo em busca de soluções inovadoras.

Agradecemos as visitas em nosso estande, a receptividade dos parceiros e a todos que nos acompanharam na última semana!",05/09/2023 13:05,https://www.instagram.com/p/CsCVSjgOPR1/,Carrossel do Instagram,Vitalício,820,646,1,100,4,1,,
"A Aprix participou dos quatro dias do Web Summit Rio, o maior evento de tecnologia do Brasil. Palestras inspiradoras com grandes especialistas do mercado discutiram inovação, tecnologia, sustentabilidade e o futuro da inovação. Além disso, a Aprix também fez conexões valiosas, apresentou suas soluções e participou da gravação do reality show Meet the Drapers. Foi uma oportunidade única para estar em contato com as últimas tendências e inovações do mercado.

Leia a matéria completa no Aprix Journal. Acesse http://bit.ly/3HYBvPB, ou o link na bio.",05/10/2023 11:05,https://www.instagram.com/p/CsErhlUuLM0/,Imagem do Instagram,Vitalício,303,259,0,12,0,0,,
"Na semana passada fizemos uma visita à sede da @vibraenergiaoficial, grande parceira e usuária das soluções Aprix. As equipes pricing da Lubrax e de Custos dos combustíveis utilizam as soluções Aprix para ganhos de eficiência nas suas operações.

Ficamos honrados em fazer parte do processo de amadurecimento da estrutura de Revenue Management da Vibra!

Agradecemos pela agradável recepção, especialmente ao Diego, Isabela, Marcelo, Aurélio, Theodomiro, Gustavo, Danilo, Leonardo e Marcio.",05/11/2023 06:05,https://www.instagram.com/p/CsGvRJdOcx1/,Imagem do Instagram,Vitalício,798,679,0,98,2,0,,
"O FED, o Banco Central Americano, elevou os juros pela décima vez consecutiva em meio a um cenário de inflação acima da meta de 2%, recuperação econômica pós-pandemia e guerra na Ucrânia. O anúncio aconteceu dois meses depois da quebra do Silicon Valley Bank, que dividiu as perspectivas de economistas. 

Entenda como a inflação nos EUA pode frear o consumo no Brasil e quais são as alternativas para enfrentar esse cenário

Leia no Aprix Journal. Acesse https://bit.ly/3BjL1sS, ou o link na bio",05/11/2023 12:05,https://www.instagram.com/p/CsHVgH5uZJG/,Imagem do Instagram,Vitalício,219,196,0,8,0,0,,
"Saiba o que foi assunto no Aprix Journal na última semana 📰

— Os maiores desafios da precificação: com tempo e esforço, superá-los pode criar um valor extraordinário para a empresa;
— Funcionários com habilidades e treinamentos adequados são uma vantagem competitiva, 
— A Aprix esteve no Web Summit Rio 2023, maior conferência do ecossistema de tecnologia no país, e falou de sua experiência no evento.
— O FED, o Banco Central dos EUA, elevou os juros pela décima vez consecutiva. Saiba como isso pode frear o consumo no Brasil e quais são as alternativas para enfrentar esse cenário.

Leia todas as matérias do Aprix Journal em aprix.com.br/journal",05/12/2023 12:05,https://www.instagram.com/p/CsJ6SBnOJ47/,Carrossel do Instagram,Vitalício,168,133,0,18,0,0,,
"Um dos desafios de quem trabalha com pricing é o de interagir com vários setores da empresa (como vendas, marketing, trade marketing, finanças, fiscal, entre outros), e estabelecer estratégias que equilibrem os objetivos de cada uma delas.

Pensando nisso, Ana Efigênia de Souza Barros, consultora de projetos de pricing e go-to-market e pós-graduanda em Neurociência pela Universidade Presbiteriana Mackenzie, compartilhou com o Aprix Journal alguns indicadores que profissionais de pricing devem acompanhar.

Para ler a matéria no Aprix Journal, acesse o link na bio, ou bit.ly/3z5woJK",05/16/2023 10:05,https://www.instagram.com/p/CsT9A8IOK27/,Imagem do Instagram,Vitalício,155,140,0,6,0,0,,
"Comentamos anteriormente sobre os crawlers desenvolvido pela Aprix, que monitoram preços ao consumidor final, mas o verdadeiro diferencial da nossa tecnologia está em entregar aos nossos clientes dados públicos de diferentes bases de forma estruturada e organizada, gerando eficiência e agilidade.

O CEO da Aprix, @guilhermezuanazzi, participou do ITS Cast e comentou sobre a importância de adquirir dados de diferentes bases e conseguir cruzá-los para realizar uma análise mais detalhada e assertiva.

O ITS Cast é o podcast da @itsgroupoficial focado em inovação, processo, tecnologia e tendências do mercado SAP. O episódio completo pode ser acessado no link da bio.",05/18/2023 06:05,https://www.instagram.com/reel/CsYumjorXo8/,Reel do Instagram,Vitalício,366,309,0,36,1,0,349,
"A colaboração da equipe de pricing com a alta administração e a diferentes áreas é fundamental para garantir resultados mais efetivos e maximização das receitas. Mas empresas que não possuem um setor específico dedicado à área podem enfrentar desafios na estruturação e execução de estratégias de precificação. Portanto, é essencial que as empresas avaliem a necessidade de criar uma área especializada e posicionem-na adequadamente na estrutura organizacional. 

Com uma abordagem estratégica e coordenada, as empresas podem aproveitar ao máximo o potencial do pricing e do revenue management para impulsionar seu sucesso financeiro.

Para você, a quem o pricing deve responder?

Para ler a matéria no Aprix Journal, acesse o link na bio, ou https://bit.ly/41PxLH2.",05/18/2023 10:05,https://www.instagram.com/p/CsZMMXouorJ/,Imagem do Instagram,Vitalício,366,314,0,9,0,0,,
"Nossa equipe comercial esteve na APAS Show 2023, o maior evento de alimentos e bebidas das Américas e maior feira de supermercados do mundo. Foi uma experiência única para divulgar as soluções da Aprix, compatíveis com as dores de precificação que muitas das empresas presentes no evento enfrentam diariamente. 

Enxergamos no setor um potencial imenso de geração de resultados, diretamente no Ebitda dessas companhias, por meio da automação das atividades e da otimização das decisões de pricing. Com isso, esperamos que cada vez mais empresas possam contar com nossa plataforma para ter processos de precificação robustos e eficientes.

Você esteve por lá? Compartilhe conosco sua visão do evento!",05/22/2023 13:05,https://www.instagram.com/p/Csjz3xHuFT3/,Carrossel do Instagram,Vitalício,790,621,2,81,3,0,,
"Notícias recentes destacam a crescente relevância da Inteligência Artificial e do Aprendizado de Máquina nos negócios. Com a evolução tecnológica contínua e a disponibilidade de dados, CEOs reconhecem que a IA transformará a forma como fazemos negócios. Atualmente, empresas conseguem combinar estratégias de precificação e IA impulsionar seus resultados financeiros, otimizando decisões, reduzindo tempo de mercado e aumentando a eficácia das promoções.

Para você, qual é o futuro da precificação?

Leia a matéria completa no Aprix Journal. Acesse https://bit.ly/3os4QLL, ou o link na bio.",05/24/2023 11:05,https://www.instagram.com/p/Csotr4fOhYh/,Imagem do Instagram,Vitalício,350,303,0,5,0,0,,
"Na última semana, fizemos o kick off de um novo projeto em parceria com a Farma Conde, rede de farmácias em São Paulo com rápida expansão. Juntos, buscaremos aumentar a rentabilidade da companhia através do reforço da disciplina de Revenue Management dentro da operação, com o foco no ganho de agilidade operacional na precificação.

Estamos entusiasmados com essa nova etapa e confiantes de que essa parceria trará resultados extraordinários para ambas as empresas.",05/25/2023 05:05,https://www.instagram.com/p/CsqpxHngNfL/,Imagem do Instagram,Vitalício,590,529,0,62,3,0,,
"Definir o preço certo para um produto ou serviço e escolher a estratégia de pricing adequada é fundamental para maximizar a receita e garantir o sucesso de uma empresa. Cada abordagem pode ser testada e adaptadas de acordo com o mercado e público-alvo para encontrar a melhor solução para o negócio.

Leia a matéria completa no Aprix Journal. Acesse https://bit.ly/42fTjgA, ou o link na bio.",05/25/2023 12:05,https://www.instagram.com/p/CsrVUsdOE2k/,Imagem do Instagram,Vitalício,243,209,0,11,0,1,,
"Acompanhe as últimas novidades no Aprix Journal desta semana! 📰

— O caminho para o sucesso financeiro: saiba como a abordagem estratégica e coordenada do pricing pode impulsionar o seu negócio.

— A era da precificação inteligente: saiba como a Inteligência Artificial e o Aprendizado de Máquina estão transformando o cenário dos negócios.

— Maximize sua receita e garanta o sucesso: aprenda a definir o preço certo para seu produto ou serviço e escolha a estratégia de pricing adequada.

Leia todas as matérias do Aprix Journal em aprix.com.br/journal ou no link da bio.",05/26/2023 11:05,https://www.instagram.com/p/Cst3_QQOFPC/,Carrossel do Instagram,Vitalício,377,320,0,14,0,0,,
"Você sabia que a Aprix existe graças ao programa de dupla diplomação da École Centrale? Foi a partir da experiência de nossos fundadores na França com tecnologias de ponta em precificação, usadas por empresas globais, que veio a ideia de trazer essas ferramentas para o Brasil. 

E é por isso que estamos muito felizes em ter participado da feira de carreiras da École Centrale, em São Paulo! Muitas pessoas que integram nossa equipe também passaram pelo DD. De volta ao Brasil, se identificaram com a mentalidade e os valores da Aprix e encontraram um ambiente promissor para seu desenvolvimento. Confira alguns depoimentos nas imagens. 

Nossa presença na feira é uma forma de retribuir às universidades, por isso, nos comprometemos em dar espaço para que mais estudantes de graduação continuem a evolução de suas carreiras aqui no Brasil. 

O que você acha dessa parceria?🤩",06/07/2023 13:06,https://www.instagram.com/p/CtM6rIru_Du/,Carrossel do Instagram,Vitalício,959,682,5,92,2,1,,
"A estratégia de gestão de receita visa analisar e controlar os preços e a disponibilidade dos seus produtos ou serviços para aumentar a lucratividade. Com a aplicação do Revenue Management e do Pricing, é possível melhorar a rentabilidade, posicionar-se competitivamente no mercado, gerenciar recursos com mais eficiência e satisfazer as necessidades dos clientes.

Saiba como aplicá-las e impulsionar o seu negócio a longo prazo nesta matéria do Aprix Journal. Leia em: https://bit.ly/3UJbTLP, ou acesse o link na bio.",06/12/2023 13:06,https://www.instagram.com/p/CtZ0MMhOXZu/,Carrossel do Instagram,Vitalício,320,269,0,15,0,0,,
"Sistemas de precificação podem simplificar o cálculo de impostos, tornando-o mais confiável, preciso e eficiente. Este também é o objetivo da reforma tributária, que pretende reduzir custos e aumentar competitividade das empresas. O grupo de trabalho da Câmara dos Deputados apresentou o relatório com as principais diretrizes que nortearão a elaboração da proposta de emenda constitucional (PEC), que será levada ao plenário em julho.

Para você, a reforma proposta é positiva ou negativa?

Leia a matéria completa no Aprix Journal. Acesse https://bit.ly/3qAMed4, ou o link na bio.",06/14/2023 08:06,https://www.instagram.com/p/CteceG3OCu5/,Imagem do Instagram,Vitalício,167,149,0,11,0,0,,
"A equipe da Aprix é formada por pessoas alinhadas a um propósito: gerar eficiência com ciência de dados. No dia a dia, os Aprixers trabalham sabendo que estão ajudando a resolver problemas complexos e criando valor.

Para enfrentar os desafios que nos motivam, precisamos de soluções fora da curva. A diversidade, a equidade e o protagonismo na transformação são intrínsecos à cultura da Aprix e nos permitem alcançar excelentes resultados constantemente.

Essas foram algumas premissas apresentadas pelo CEO da Aprix, @guilhermezuanazzi, no painel “Estratégias para a Retenção de Talentos”, no @southsummitbrazil 2023. Em 2022, a Aprix foi reconhecida com o prêmio de Melhor Time da Competição de Startups do South Summit Brazil.",06/15/2023 09:06,https://www.instagram.com/reel/CthHPTzN2RI/,Reel do Instagram,Vitalício,368,324,2,29,0,0,353,
"Com que frequência você usa a elasticidade de preços na tomada de decisões?

A elasticidade de preços é um dos dados mais importantes para uma precificação assertiva. Ainda assim, muitas empresas não o priorizam no cálculo de preços, e olham mais para outros dados, como custos e concorrência. 

Nesta matéria do Aprix Journal, especialistas ressaltam sua centralidade nas decisões de preço e a importância de medi-lo com as melhores ferramentas e bases de dados disponíveis. Leia em: https://bit.ly/3RFyG85, ou no link da bio.",06/16/2023 05:06,https://www.instagram.com/p/CtjPai0uYxh/,Imagem do Instagram,Vitalício,184,160,0,7,0,0,,
"Na Aprix, nós reconhecemos e respeitamos o valor das diferenças humanas e trabalhamos para sustentar um ambiente onde todas as pessoas possam ser quem são. 

Por isso, a diversidade faz parte dos indicadores chave que acompanhamos para medir o sucesso das nossas estratégias. 

O que você acha dessa iniciativa?

Saiba mais na matéria do Aprix Journal. 
Leia em bit.ly/3CWtF6l, ou acesse o link na bio.

#pride",06/20/2023 11:06,https://www.instagram.com/p/CtuNw-5OsRc/,Carrossel do Instagram,Vitalício,277,214,6,28,1,0,,
"Com que frequência você usa a elasticidade de preços na tomada de decisões?

A elasticidade de preços é um dos dados mais importantes para uma precificação assertiva. Ainda assim, muitas empresas não o priorizam no cálculo de preços, e olham mais para outros dados, como custos e concorrência.

Nesta matéria do Aprix Journal, especialistas ressaltam sua centralidade nas decisões de preço e a importância de medi-lo com as melhores ferramentas e bases de dados disponíveis.

Leia em: https://lnkd.in/du75K7bZ, ou no link da bio.",06/21/2023 11:06,https://www.instagram.com/p/CtwyglCuehy/,Imagem do Instagram,Vitalício,249,226,0,10,0,0,,
"Na semana passada, estivemos com a equipe de pricing da Dexco para realizar o curso especializado em Pricing e Revenue Management da Aprix, que trata do uso de ciência de dados e inteligência artificial para otimizar as decisões de preço e impulsionar a receita. O treinamento tem como base a expertise da Aprix em soluções para otimizar os resultados do pricing do início ao fim do processo.

Ao longo de quatro dias, o CEO da Aprix, Guilherme Zuanazzi, esteve na sede da Dexco para compartilhar conhecimento e auxiliar a empresa a alavancar seus resultados por meio do pricing. Foram 16 horas de curso, compartilhando casos reais de otimização de preços em diversos segmentos, abrangendo os seguintes tópicos:

→ Conceitos básicos de precificação
→ Estratégias de precificação
→ Elasticidade, Elasticidade Cruzada, Point-elasticity e Elasticidade Variável
→ Market-based pricing e Teoria dos Jogos
→ Ciência de dados e IA para modelagem de demanda em função de preços: Modelos Lineares e Modelos Não-Lineares
→ Atividade prática de programação

Agradecemos à equipe de precificação da Dexco pela confiança e pelas trocas enriquecedoras, em especial Giulia, Mariana, Cíntia, Bárbara, Gustavo, Priscila e Guilherme.

Se você também tem interesse em maximizar seus resultados a partir de estratégias de pricing baseadas em ciência de dados, entre em contato com nossa equipe através do link: https://bit.ly/curso-pricing

Ou simplesmente comente “quero saber mais” neste post e entraremos em contato com mais informações.

#pricing #rgm #treinamento",06/23/2023 06:06,https://www.instagram.com/p/Ct1bZm8OWWB/,Carrossel do Instagram,Vitalício,418,335,1,30,1,0,,
"Embora a otimização de atividades com inteligência artificial esteja cada vez mais presente em processos de todos os segmentos, uma perspectiva inovadora propõe iniciar a automação por um setor-chave para qualquer empresa: o pricing. Entre os fatores que justificam essa decisão, estão o aumento de receita e de resultados e boa aceitação das equipes.

Leia o texto no Aprix Journal: https://bit.ly/3ClKA2H, ou acesse o link na bio",06/27/2023 09:06,https://www.instagram.com/p/CuAExR6uJjY/,Imagem do Instagram,Vitalício,230,204,0,8,0,0,,
"Ao desenvolvermos soluções de IA, temos que estar atentos às implicações éticas geradas pelo uso da tecnologia.

Isso é importante porque, muitas vezes, o uso das ferramentas foge da intenção de quem as desenvolveu. Um exemplo disso é esse teste realizado com o GPT-3: em relação a perguntas e comandos relacionados à comunidade LGBTQ+ o modelo exibiu preconceitos e respostas discriminatórias.

O viés presente nos modelos de linguagem é um reflexo dos dados de treinamento fornecidos pelos usuários, que muitas vezes refletem preconceitos e estereótipos existentes na sociedade. Por outro lado, existem diversas técnicas de machine learning que podem ser utilizadas para mitigar esse risco. 

Você já tinha pensado sobre isso? Leia o artigo e nos conte o que achou.

Acesse: bit.ly/LGBTQ-bias-in-GPT-3, ou clique no link da bio.

#pride",06/28/2023 14:06,https://www.instagram.com/p/CuDKxUOOjBy/,Carrossel do Instagram,Vitalício,212,164,2,20,0,0,,
"O lançamento de um novo produto é um momento crítico para as empresas, e a definição do preço de lançamento desempenha um papel estratégico em seu sucesso. Para os executivos especialistas em pricing, encontrar a abordagem ideal que maximize os lucros e conquiste uma fatia significativa do mercado é essencial. Nesta matéria, mergulhamos nas estratégias avançadas de pricing que irão impulsionar os resultados do seu lançamento de produto, elevando sua vantagem competitiva.

Leia o texto no Aprix Journal: https://bit.ly/3NAit3Q, ou acesse o link na bio.",06/29/2023 11:06,https://www.instagram.com/p/CuFdAT0O-t5/,Imagem do Instagram,Vitalício,270,227,0,13,0,1,,
"Hoje é dia de conhecer quem entrou na equipe durante o 1º trimestre de 2023. 🚀

Aqui na Aprix, seguidamente temos vagas abertas com planos de carreira e trilhas de desenvolvimento. Mande seu currículo para careers@aprix.com.br e junte-se ao melhor time!

Confira as vagas abertas em bit.ly/vagasaprix, ou no link da bio.",04/04/2023 11:04,https://www.instagram.com/p/Cqn-PY7ucaH/,Carrossel do Instagram,Vitalício,836,530,2,79,2,1,,
"A Aprix esteve presente na segunda edição do South Summit Brazil, evento que reuniu mais de 900 palestrantes e 22 mil participantes em Porto Alegre. Além de participar da feira de negócios, o CEO da Aprix, Guilherme Zuanazzi, foi painelista em uma discussão sobre retenção de talentos, compartilhando experiências e estratégias de sucesso. 

O South Summit é um dos principais eventos de tecnologia e empreendedorismo do mundo e tem como objetivo promover a inovação em diferentes setores.

Saiba mais no Aprix Journal. Acesse: https://bit.ly/3KKqraN, ou o link na bio.",04/05/2023 10:04,https://www.instagram.com/p/CqqarZdOlPc/,Imagem do Instagram,Vitalício,238,209,1,37,0,0,,
